<?xml version="1.0" encoding="UTF-8"?>
<metadata xml:lang="cs"><Esri><CreaDate>20200612</CreaDate><CreaTime>01224600</CreaTime><ArcGISFormat>1.0</ArcGISFormat><SyncOnce>TRUE</SyncOnce><DataProperties><lineage><Process ToolSource="p:\esri\arcgis\pro\Resources\ArcToolbox\toolboxes\Data Management Tools.tbx\CreateFeatureclass" Date="20200612" Time="012246">CreateFeatureclass S:\ČVUT\VLTAVA\projekt_Vltava_prace_3\Rastry-ke-georef\footprint footprint_2784 Polygon # No No "PROJCS['S-JTSK_Krovak_East_North',GEOGCS['GCS_S_JTSK',DATUM['D_S_JTSK',SPHEROID['Bessel_1841',6377397.155,299.1528128]],PRIMEM['Greenwich',0.0],UNIT['Degree',0.0174532925199433]],PROJECTION['Krovak'],PARAMETER['False_Easting',0.0],PARAMETER['False_Northing',0.0],PARAMETER['Pseudo_Standard_Parallel_1',78.5],PARAMETER['Scale_Factor',0.9999],PARAMETER['Azimuth',30.28813975277778],PARAMETER['Longitude_Of_Center',24.83333333333333],PARAMETER['Latitude_Of_Center',49.5],PARAMETER['X_Scale',-1.0],PARAMETER['Y_Scale',1.0],PARAMETER['XY_Plane_Rotation',90.0],UNIT['Meter',1.0]];-33699800 -33699800 133638764.246984;-100000 10000;-100000 10000;0.001;0.001;0.001;IsHighPrecision" # 0 0 0 #</Process><Process ToolSource="p:\esri\arcgis\pro\Resources\ArcToolbox\Toolboxes\Data Management Tools.tbx\UpdateSchema" Date="20200612" Time="014013">UpdateSchema "CIMDATA=&lt;CIMStandardDataConnection xsi:type='typens:CIMStandardDataConnection' xmlns:xsi='http://www.w3.org/2001/XMLSchema-instance' xmlns:xs='http://www.w3.org/2001/XMLSchema' xmlns:typens='http://www.esri.com/schemas/ArcGIS/2.4.0'&gt;&lt;WorkspaceConnectionString&gt;DATABASE=S:\ČVUT\VLTAVA\projekt_Vltava_prace_3\Rastry-ke-georef\footprint&lt;/WorkspaceConnectionString&gt;&lt;WorkspaceFactory&gt;Shapefile&lt;/WorkspaceFactory&gt;&lt;Dataset&gt;footprint_2784.shp&lt;/Dataset&gt;&lt;DatasetType&gt;esriDTFeatureClass&lt;/DatasetType&gt;&lt;/CIMStandardDataConnection&gt;" &lt;operationSequence&gt;&lt;workflow&gt;&lt;AddField&gt;&lt;field_name&gt;map&lt;/field_name&gt;&lt;field_type&gt;LONG&lt;/field_type&gt;&lt;field_is_nullable&gt;False&lt;/field_is_nullable&gt;&lt;field_is_required&gt;False&lt;/field_is_required&gt;&lt;/AddField&gt;&lt;/workflow&gt;&lt;/operationSequence&gt;</Process><Process ToolSource="p:\esri\arcgis\pro\Resources\ArcToolbox\Toolboxes\Data Management Tools.tbx\UpdateSchema" Date="20200612" Time="014158">UpdateSchema "CIMDATA=&lt;CIMStandardDataConnection xsi:type='typens:CIMStandardDataConnection' xmlns:xsi='http://www.w3.org/2001/XMLSchema-instance' xmlns:xs='http://www.w3.org/2001/XMLSchema' xmlns:typens='http://www.esri.com/schemas/ArcGIS/2.4.0'&gt;&lt;WorkspaceConnectionString&gt;DATABASE=S:\ČVUT\VLTAVA\projekt_Vltava_prace_3\Rastry-ke-georef\footprint&lt;/WorkspaceConnectionString&gt;&lt;WorkspaceFactory&gt;Shapefile&lt;/WorkspaceFactory&gt;&lt;Dataset&gt;footprint_2784.shp&lt;/Dataset&gt;&lt;DatasetType&gt;esriDTFeatureClass&lt;/DatasetType&gt;&lt;/CIMStandardDataConnection&gt;" &lt;operationSequence&gt;&lt;workflow&gt;&lt;DeleteField&gt;&lt;field_name&gt;map&lt;/field_name&gt;&lt;/DeleteField&gt;&lt;/workflow&gt;&lt;workflow&gt;&lt;AddField&gt;&lt;field_name&gt;map&lt;/field_name&gt;&lt;field_type&gt;TEXT&lt;/field_type&gt;&lt;field_length&gt;255&lt;/field_length&gt;&lt;field_is_nullable&gt;False&lt;/field_is_nullable&gt;&lt;field_is_required&gt;False&lt;/field_is_required&gt;&lt;/AddField&gt;&lt;/workflow&gt;&lt;/operationSequence&gt;</Process></lineage></DataProperties></Esri></metadata>
