<PAMDataset>
  <Metadata domain="IMAGE_STRUCTURE">
    <MDI key="COMPRESSION">JPEG</MDI>
    <MDI key="INTERLEAVE">PIXEL</MDI>
    <MDI key="SOURCE_COLOR_SPACE">YCbCr</MDI>
  </Metadata>
  <Metadata domain="xml:ESRI" format="xml">
    <GeodataXform xsi:type="typens:PolynomialXform" xmlns:xsi="http://www.w3.org/2001/XMLSchema-instance" xmlns:xs="http://www.w3.org/2001/XMLSchema" xmlns:typens="http://www.esri.com/schemas/ArcGIS/2.4.0">
      <PolynomialOrder>1</PolynomialOrder>
      <SpatialReference xsi:type="typens:ProjectedCoordinateSystem">
        <WKT>PROJCS["S-JTSK_Krovak_East_North",GEOGCS["GCS_S_JTSK",DATUM["D_S_JTSK",SPHEROID["Bessel_1841",6377397.155,299.1528128]],PRIMEM["Greenwich",0.0],UNIT["Degree",0.0174532925199433]],PROJECTION["Krovak"],PARAMETER["False_Easting",0.0],PARAMETER["False_Northing",0.0],PARAMETER["Pseudo_Standard_Parallel_1",78.5],PARAMETER["Scale_Factor",0.9999],PARAMETER["Azimuth",30.28813975277778],PARAMETER["Longitude_Of_Center",24.83333333333333],PARAMETER["Latitude_Of_Center",49.5],PARAMETER["X_Scale",-1.0],PARAMETER["Y_Scale",1.0],PARAMETER["XY_Plane_Rotation",90.0],UNIT["Meter",1.0],AUTHORITY["EPSG",5514]]</WKT>
        <XOrigin>-33699800</XOrigin>
        <YOrigin>-33699800</YOrigin>
        <XYScale>133638764.24698351</XYScale>
        <ZOrigin>-100000</ZOrigin>
        <ZScale>10000</ZScale>
        <MOrigin>-100000</MOrigin>
        <MScale>10000</MScale>
        <XYTolerance>0.001</XYTolerance>
        <ZTolerance>0.001</ZTolerance>
        <MTolerance>0.001</MTolerance>
        <HighPrecision>true</HighPrecision>
        <WKID>102067</WKID>
        <LatestWKID>5514</LatestWKID>
      </SpatialReference>
      <SourceGCPs xsi:type="typens:ArrayOfDouble">
        <Double>328.78858990070444</Double>
        <Double>-6508.0716278955251</Double>
        <Double>316.83453275635839</Double>
        <Double>-320.14637170219794</Double>
        <Double>5285.8154499226948</Double>
        <Double>-791.38918371871114</Double>
        <Double>2599.402342722402</Double>
        <Double>-622.27343340683728</Double>
        <Double>7568.9755210407311</Double>
        <Double>-557.72108349390328</Double>
        <Double>8047.9072820739821</Double>
        <Double>-6540.8122845124453</Double>
      </SourceGCPs>
      <TargetGCPs xsi:type="typens:ArrayOfDouble">
        <Double>-772544.76110000175</Double>
        <Double>-1203164.1440000013</Double>
        <Double>-772330.54720000201</Double>
        <Double>-1201661.8924000005</Double>
        <Double>-771138.40450000018</Double>
        <Double>-1201946.9732000011</Double>
        <Double>-771783.51289999846</Double>
        <Double>-1201810.6066999994</Double>
        <Double>-770579.12709999841</Double>
        <Double>-1201959.0382999999</Double>
        <Double>-770666.96389999986</Double>
        <Double>-1203431.6856000011</Double>
      </TargetGCPs>
      <Name />
    </GeodataXform>
  </Metadata>
</PAMDataset>
