<PAMDataset>
  <Metadata domain="IMAGE_STRUCTURE">
    <MDI key="COMPRESSION">JPEG</MDI>
    <MDI key="INTERLEAVE">PIXEL</MDI>
    <MDI key="SOURCE_COLOR_SPACE">YCbCr</MDI>
  </Metadata>
  <Metadata domain="xml:ESRI" format="xml">
    <GeodataXform xsi:type="typens:PolynomialXform" xmlns:xsi="http://www.w3.org/2001/XMLSchema-instance" xmlns:xs="http://www.w3.org/2001/XMLSchema" xmlns:typens="http://www.esri.com/schemas/ArcGIS/2.4.0">
      <PolynomialOrder>1</PolynomialOrder>
      <SpatialReference xsi:type="typens:ProjectedCoordinateSystem">
        <WKT>PROJCS["S-JTSK_Krovak_East_North",GEOGCS["GCS_S_JTSK",DATUM["D_S_JTSK",SPHEROID["Bessel_1841",6377397.155,299.1528128]],PRIMEM["Greenwich",0.0],UNIT["Degree",0.0174532925199433]],PROJECTION["Krovak"],PARAMETER["False_Easting",0.0],PARAMETER["False_Northing",0.0],PARAMETER["Pseudo_Standard_Parallel_1",78.5],PARAMETER["Scale_Factor",0.9999],PARAMETER["Azimuth",30.28813975277778],PARAMETER["Longitude_Of_Center",24.83333333333333],PARAMETER["Latitude_Of_Center",49.5],PARAMETER["X_Scale",-1.0],PARAMETER["Y_Scale",1.0],PARAMETER["XY_Plane_Rotation",90.0],UNIT["Meter",1.0],AUTHORITY["EPSG",5514]]</WKT>
        <XOrigin>-33699800</XOrigin>
        <YOrigin>-33699800</YOrigin>
        <XYScale>133638764.24698351</XYScale>
        <ZOrigin>-100000</ZOrigin>
        <ZScale>10000</ZScale>
        <MOrigin>-100000</MOrigin>
        <MScale>10000</MScale>
        <XYTolerance>0.001</XYTolerance>
        <ZTolerance>0.001</ZTolerance>
        <MTolerance>0.001</MTolerance>
        <HighPrecision>true</HighPrecision>
        <WKID>102067</WKID>
        <LatestWKID>5514</LatestWKID>
      </SpatialReference>
      <SourceGCPs xsi:type="typens:ArrayOfDouble">
        <Double>8020.6322358753887</Double>
        <Double>-313.59564163582337</Double>
        <Double>316.72647691133898</Double>
        <Double>-329.95779440365732</Double>
        <Double>326.3819212927483</Double>
        <Double>-6501.5887544751167</Double>
        <Double>8020.0255611509783</Double>
        <Double>-6487.6310721728951</Double>
        <Double>7308.8678698103176</Double>
        <Double>-6488.4154731780291</Double>
        <Double>5221.1638442069525</Double>
        <Double>-2465.9317014468834</Double>
        <Double>6690.5168705458054</Double>
        <Double>-888.05813571438193</Double>
        <Double>5620.5191330636153</Double>
        <Double>-3838.1774128926918</Double>
      </SourceGCPs>
      <TargetGCPs xsi:type="typens:ArrayOfDouble">
        <Double>-773994.11219999939</Double>
        <Double>-1199892.0144000016</Double>
        <Double>-775871.89130000025</Double>
        <Double>-1199624.441399999</Double>
        <Double>-776086.09730000049</Double>
        <Double>-1201126.6831</Double>
        <Double>-774208.32730000082</Double>
        <Double>-1201394.3026000001</Double>
        <Double>-774380.09739999834</Double>
        <Double>-1201369.2336000018</Double>
        <Double>-774751.04690000031</Double>
        <Double>-1200322.5159000009</Double>
        <Double>-774339.30369999993</Double>
        <Double>-1199986.9001000002</Double>
        <Double>-774700.64370000002</Double>
        <Double>-1200669.7822000014</Double>
      </TargetGCPs>
      <Name />
    </GeodataXform>
  </Metadata>
</PAMDataset>
